Category,Item,Status
Code Quality,All unit tests (Jest) pass (`npm test` in backend),
Code Quality,All E2E tests (Cypress) pass (`npm run cypress` in frontend),
Code Quality,All linting warnings resolved (`npm run lint` in frontend),
Code Quality,Code reviewed and approved (via PR checklist),
Versioning & Docs,Bump `version.txt` and `package.json` versions,
Versioning & Docs,Update `changelog.md` with new features and fixes,
Versioning & Docs,Ensure OpenAPI `openapi-spec.yaml` is up to date,
Versioning & Docs,Push to `main` branch with commit message: `🔖 Release vX.X.X`,
Build & Deployment,Run `docker-compose up --build` to confirm local image stability,
Build & Deployment,"Zip release folder (`release-vX.X.X.zip`) with source code, README, build artifacts",
Build & Deployment,Tag release on GitHub: `vX.X.X`,
Build & Deployment,Deploy to EC2 / PM2 (QA / Prod),
Build & Deployment,Deploy to Netlify / Vercel (Frontend),
Build & Deployment,Test DynamoDB mode in QA,
Post-Release,Run smoke tests on dashboard and KPI charts,
Post-Release,Monitor CloudWatch / logs / Sentry,
Post-Release,Validate asset sync + telemetry freshness,
Post-Release,Send release email/update to stakeholders,
